id,name,model_id:id,group_id:id,perm_read,perm_write,perm_create,perm_unlink
access_menu_a0_api_tracking_maintenance_admin,access_a0_api_tracking_maintenance_admin,model_a0_api_tracking_maintenance_table,group_admin_api_tracking_maintenance,1,1,1,1
access_menu_a0_api_tracking_maintenance_user,access_a0_api_tracking_maintenance_user,model_a0_api_tracking_maintenance_table,group_user_api_tracking_maintenance,1,1,1,0

access_menu_a0_api_tracking_maintenance_container_admin,access_a0_api_tracking_maintenance_container_admin,model_a0_api_tracking_maintenance_container_table,group_admin_api_tracking_maintenance,1,0,0,1
access_menu_a0_api_tracking_maintenance_container_user,access_a0_api_tracking_maintenance_container_user,model_a0_api_tracking_maintenance_container_table,group_user_api_tracking_maintenance,1,0,0,0

access_menu_a0_api_tracking_maintenance_zip,access_a0_api_tracking_maintenance_zip,model_a0_api_tracking_maintenance_zip_image_table,,1,1,1,1
access_menu_a0_api_tracking_maintenance_mail,access_a0_api_tracking_maintenance_mail,model_a0_api_tracking_maintenance_mail_table,,1,1,1,1
access_menu_a0_api_tracking_maintenance_telegram,access_a0_api_tracking_maintenance_telegram,model_a0_api_tracking_maintenance_telegram_table,,1,1,1,1


