<odoo>
    <record model="ir.module.category" id="module_api_tracking_maintenance">
        <field name="name">DOOH API TRACKING MAINTENANCE PERMISSION </field>
        <field name="description">Pour gérer Dooh autorisation détail</field>
        <field name="sequence">30</field>
    </record>

    <record id="group_user_api_tracking_maintenance" model="res.groups">
        <field name="name">Api REPORT Permission (User)</field>
        <field name="category_id" ref="module_api_tracking_maintenance"/>
    </record>

    <record id="group_admin_api_tracking_maintenance" model="res.groups">
        <field name="name">Api REPORT Permission (Admin)</field>
        <field name="category_id" ref="module_api_tracking_maintenance"/>
    </record>
</odoo>